"b","bF","nb","x1","y0","tauib","y1"
1,"1",8,1705,63266.1003335295,-62628.2380255656,637.862307963922
1,"1",8,1720,63822.449820327,-37920.679364324,25901.770456003
1,"1",8,1657,61489.0193593638,-59267.8384510755,2221.1809082883
1,"1",8,1699,63043.4982957933,-57116.9831357354,5926.51516005788
1,"1",8,1636,60706.9217229069,-98154.5519177035,0
1,"1",8,1662,61670.2896607409,-65388.2757472027,0
1,"1",8,1648,61150.9075859986,-39471.3326177872,21679.5749682114
1,"1",8,1613,0,-57201.2529248187,0
2,"2",20,1409,51611.1656059374,-66982.9034119037,0
2,"2",20,1347,49340.4994406497,-45172.7389816807,4167.76045896895
2,"2",20,1364,49962.7432517604,-72923.3212379928,0
2,"2",20,1424,52160.503281833,-58079.1268640514,0
2,"2",20,1434,52529.0387394122,-45748.3157339843,6780.72300542786
2,"2",20,1318,0,-41785.0959614765,0
2,"2",20,1435,52566.3170505885,-40178.7054720802,12387.6115785083
2,"2",20,1413,51757.4127359567,-58307.9105603644,0
2,"2",20,1384,50695.2451620177,-73939.3600069318,0
2,"2",20,1348,49379.6890981547,-69850.0771290356,0
2,"2",20,1425,52197.0223352071,-68046.5911750194,0
2,"2",20,1409,51610.8558747308,-43727.9728349007,7882.88303983005
2,"2",20,1379,50512.0736837521,-53010.8450691435,0
2,"2",20,1408,51576.680050144,-70666.6685893556,0
2,"2",20,1447,53003.0785354206,-53636.107270403,0
2,"2",20,1381,50594.2537760739,-56291.682963337,0
2,"2",20,1358,49742.9257274976,-46915.9454139306,2826.98031356696
2,"2",20,1442,52819.7053617056,-51474.024498582,1345.68086312356
2,"2",20,1418,51942.1626411544,-52232.1008926194,0
2,"2",20,1430,52380.9467938636,-44587.8004223361,7793.14637152752
3,"3",30,1243,42534.7996343735,-55611.4074497817,0
3,"3",30,1289,44110.5331929404,-57501.05136442,0
3,"3",30,1269,43424.1088344854,-54376.1306630628,0
3,"3",30,1280,43800.4592124365,-80788.8891841517,0
3,"3",30,1197,40960.7922949842,-42120.2886020613,0
3,"3",30,1211,41441.7749722697,-70271.9121129882,0
3,"3",30,1259,43081.8674081209,-42449.7753967269,632.092011393928
3,"3",30,1247,42671.8085300432,-66113.8085122904,0
3,"3",30,1239,42398.2599381142,-58817.5224490736,0
3,"3",30,1274,43596.7258456985,-55806.6274647014,0
3,"3",30,1194,0,-52601.4074689163,0
3,"3",30,1257,43014.4170789048,-64480.3367958593,0
3,"3",30,1276,43663.5776855188,-57733.3867921362,0
3,"3",30,1248,42705.698080966,-56167.0298056799,0
3,"3",30,1265,43287.2684844409,-52817.0747925372,0
3,"3",30,1276,43667.4140990243,-67277.214926964,0
3,"3",30,1204,41200.2912410327,-54905.1061640978,0
3,"3",30,1235,42261.1366879302,-65024.9293844559,0
3,"3",30,1279,43766.4350570785,-50430.4882177575,0
3,"3",30,1291,44177.2998931877,-44078.2945147406,99.0053784471165
3,"3",30,1274,43598.0571296034,-64067.2901843497,0
3,"3",30,1313,44930.0045654496,-62844.9911056428,0
3,"3",30,1197,0,-60373.6467953724,0
3,"3",30,1203,41165.7751032403,-54646.7129381503,0
3,"3",30,1276,43663.6221430522,-57411.6655716603,0
3,"3",30,1243,42534.9293781284,-69725.6455135696,0
3,"3",30,1299,44450.6214118005,-43993.979580195,456.641831605484
3,"3",30,1313,44929.7540539723,-49140.2230109862,0
3,"3",30,1262,43185.2418115448,-66938.566910915,0
3,"3",30,1233,42193.2003318465,-63763.9156411412,0
4,"4",40,308,4986.8564720544,-6614.90835968486,0
4,"4",40,302,4890.25166260328,-6650.22560180888,0
4,"4",40,313,5068.745717901,-8187.54961056083,0
4,"4",40,308,4986.83603914274,-5868.94165573459,0
4,"4",40,296,0,-6742.67471210087,0
4,"4",40,331,5359.32255428804,-8216.32600063431,0
4,"4",40,334,5408.21770437953,-8733.26283485322,0
4,"4",40,326,5278.44066122558,-4939.7653734031,338.675287822482
4,"4",40,296,4793.41230691457,-6867.32495974536,0
4,"4",40,337,5456.37030992196,-6406.57329408884,0
4,"4",40,321,5203.15546280039,-8648.06925950617,0
4,"4",40,328,5312.2732580605,-6613.81772032481,0
4,"4",40,326,5280.07055108865,-8496.56066683364,0
4,"4",40,327,5294.61784817347,-7493.91301054716,0
4,"4",40,323,5233.70566674343,-8493.13847477623,0
4,"4",40,335,5429.25255861392,-4455.84116789512,973.4113907188
4,"4",40,304,4922.15659181049,-5926.50751282974,0
4,"4",40,349,5651.31465607736,-9365.53899041629,0
4,"4",40,344,5569.75385413573,-9006.00141918229,0
4,"4",40,323,5229.69620481966,-7219.63380379824,0
4,"4",40,305,4939.28372231236,-6271.83585908213,0
4,"4",40,330,5343.75055944125,-5150.76554333057,192.985016110688
4,"4",40,321,5197.33043246947,-7434.95683114077,0
4,"4",40,311,5037.71177767885,-8667.03735331556,0
4,"4",40,303,4906.06906933629,-6428.6859210217,0
4,"4",40,323,5230.10832533424,-6553.91089983935,0
4,"4",40,315,5101.20615537962,-6612.77574132867,0
4,"4",40,358,5796.38809602042,-6806.94632799866,0
4,"4",40,345,5585.91274102141,-6291.59097180357,0
4,"4",40,310,5019.36848250918,-8492.03662744664,0
4,"4",40,340,5505.00936067018,-6811.64105295018,0
4,"4",40,293,0,-7859.83220771035,0
4,"4",40,306,4954.67145786245,-7326.79666008085,0
4,"4",40,324,5245.92017248313,-9588.42788574588,0
4,"4",40,319,5164.9366574122,-7665.1459869425,0
4,"4",40,337,5456.39890381548,-8520.3869052183,0
4,"4",40,313,5068.45110803734,-7231.49359561625,0
4,"4",40,307,4977.09106996859,-9574.12150916215,0
4,"4",40,307,4976.55890154223,-7614.73844354548,0
4,"4",40,349,5653.20213363518,-7302.74088992517,0
5,"5",50,131,1331.14923888037,-2359.21726662433,0
5,"5",50,137,1393.65048660054,-1775.43694948941,0
5,"5",50,146,1484.79131736987,-2259.18453198021,0
5,"5",50,124,1259.85894365492,-2187.19062694234,0
5,"5",50,131,1331.24947294897,-2428.68951764485,0
5,"5",50,149,1513.79083750326,-2625.4110106543,0
5,"5",50,147,1493.46644515178,-2256.00092172689,0
5,"5",50,141,1437.79692349639,-2821.22531780053,0
5,"5",50,112,0,-2268.98420187335,0
5,"5",50,136,1382.00305461103,-2658.45708730422,0
5,"5",50,125,1270.00513659722,-2394.12653509988,0
5,"5",50,125,1270.10572470122,-2363.10547579146,0
5,"5",50,125,1269.95903613304,-2341.88107158768,0
5,"5",50,130,1321.03009894347,-1370.65960930284,0
5,"5",50,134,1361.38991359226,-2305.99307414241,0
5,"5",50,133,1354.44237033278,-2018.83372619938,0
5,"5",50,143,1453.265390917,-2090.02657847682,0
5,"5",50,130,1320.97759354741,-2125.283714674,0
5,"5",50,110,0,-2295.78886882201,0
5,"5",50,134,1362.72376823091,-2285.93143913279,0
5,"5",50,135,1374.15744741251,-2246.62470534495,0
5,"5",50,116,0,-2046.39508515196,0
5,"5",50,134,1362.54819649495,-2037.06279402726,0
5,"5",50,143,1456.19059551738,-2239.7492712473,0
5,"5",50,139,1412.37596601065,-2748.5816768695,0
5,"5",50,132,1344.54609438474,-2192.039277112,0
5,"5",50,117,1188.98899044155,-2157.79486644486,0
5,"5",50,140,1423.95139407227,-2355.83084474553,0
5,"5",50,136,1381.8538500188,-2075.05114737311,0
5,"5",50,143,1452.9540234954,-2318.87905135067,0
5,"5",50,124,1261.78727047777,-2750.01595798184,0
5,"5",50,139,1413.57281595746,-2378.66829607788,0
5,"5",50,160,1630.36969557854,-2468.31321124774,0
5,"5",50,145,1474.00725268123,-2192.67296363098,0
5,"5",50,130,1321.7879872947,-2954.44951370071,0
5,"5",50,135,1371.73694780625,-2403.90599041866,0
5,"5",50,126,1280.67620885002,-2509.6813707662,0
5,"5",50,119,1210.23242905963,-2108.72588695812,0
5,"5",50,140,1423.21355574881,-1919.40802765473,0
5,"5",50,135,1371.6516590191,-1851.70600142909,0
5,"5",50,142,1442.83039552344,-2082.81469828982,0
5,"5",50,135,1372.04797784185,-2401.41889661483,0
5,"5",50,122,1240.04275499761,-2483.79888449756,0
5,"5",50,149,1516.21014467299,-2618.99354476982,0
5,"5",50,130,1322.61991332393,-2734.68804511443,0
5,"5",50,136,1381.70927551599,-2628.99698009816,0
5,"5",50,143,1453.98092592545,-3317.25116911212,0
5,"5",50,138,1403.95921316364,-2397.60491218491,0
5,"5",50,137,1396.42079609626,-2181.08883097241,0
5,"5",50,150,1524.72606570272,-2410.80146932727,0
6,"6",60,654,18786.111164917,-31619.6676267478,0
6,"6",60,683,19620.472285412,-34260.3843349352,0
6,"6",60,666,19133.5540717357,-29836.9116393758,0
6,"6",60,648,18614.8989614806,-31002.1074567259,0
6,"6",60,684,19648.708565547,-37167.5230647676,0
6,"6",60,685,19677.0510514686,-31190.4398182534,0
6,"6",60,679,19504.8295508036,-35811.4836904119,0
6,"6",60,651,18699.9734959528,-29678.5053957541,0
6,"6",60,667,19159.8653286297,-28923.1697457294,0
6,"6",60,692,19878.0961606203,-28498.2185592676,0
6,"6",60,640,18384.6422979159,-37211.7559754059,0
6,"6",60,625,17953.085449971,-27206.6575535232,0
6,"6",60,672,19304.4404748554,-39576.8591136029,0
6,"6",60,603,0,-32410.7198805584,0
6,"6",60,654,18788.6244701978,-37981.0821972363,0
6,"6",60,648,18618.9412060178,-38592.686733327,0
6,"6",60,641,18412.8216927126,-24164.4763452104,0
6,"6",60,625,17953.7007923644,-31064.684987209,0
6,"6",60,685,19676.9930050598,-27292.742302671,0
6,"6",60,612,17580.1424682141,-27996.4996730759,0
6,"6",60,652,18729.1214531005,-27421.7324184854,0
6,"6",60,593,0,-28236.5726134397,0
6,"6",60,662,19015.9087072594,-26057.8356397949,0
6,"6",60,667,19159.61264928,-30150.6039482974,0
6,"6",60,609,17493.506453116,-34611.8721448046,0
6,"6",60,621,17839.0434372123,-36934.645920593,0
6,"6",60,620,17809.4731942177,-29247.3024070131,0
6,"6",60,678,19475.8597841613,-29810.6557799104,0
6,"6",60,654,18786.1149423716,-32105.8813352132,0
6,"6",60,652,18729.2317076206,-35017.1911621319,0
6,"6",60,674,19360.6053277476,-31144.6506630051,0
6,"6",60,695,19964.1737350849,-34561.3813526661,0
6,"6",60,645,18528.152209785,-25546.8771063967,0
6,"6",60,683,19620.4866405674,-35349.1382031468,0
6,"6",60,650,18672.0949960263,-35641.3593679487,0
6,"6",60,636,18270.6039061133,-33057.3300183933,0
6,"6",60,624,17925.333668479,-36504.1041599082,0
6,"6",60,623,17897.0581938392,-37476.5306840202,0
6,"6",60,728,20914.9958559256,-34299.8259904315,0
6,"6",60,662,19017.575019436,-31087.5201464108,0
6,"6",60,668,19188.7290420387,-33163.2582364399,0
6,"6",60,684,19650.9129176637,-29755.7443530391,0
6,"6",60,638,18326.6321674496,-37208.802026745,0
6,"6",60,711,20423.6580428126,-37233.8939769163,0
6,"6",60,628,18041.6404936958,-30836.7540414816,0
6,"6",60,640,18384.5532577253,-29116.1343431532,0
6,"6",60,596,0,-32046.245666274,0
6,"6",60,696,19992.8599785145,-34195.7213795006,0
6,"6",60,663,19044.6549664352,-32754.2815559688,0
6,"6",60,649,18642.5866329784,-33297.0973952495,0
6,"6",60,663,19044.7043745507,-32565.3855964419,0
6,"6",60,622,17869.4199553751,-39146.00741533,0
6,"6",60,706,20280.2862937339,-26782.5285881979,0
6,"6",60,666,19133.3849715816,-31176.3906734071,0
6,"6",60,656,18843.7036062165,-39431.7752473294,0
6,"6",60,691,19849.0970959532,-37556.0530593093,0
6,"6",60,643,18470.3329414492,-32916.099098835,0
6,"6",60,654,18786.5304527804,-26846.3084251546,0
6,"6",60,670,19248.517623239,-27786.3026896518,0
6,"6",60,661,18990.774536732,-36627.2071728275,0
7,"7",70,1300,40758.9633478409,-96891.2268437766,0
7,"7",70,1285,40288.7723597751,-65812.0302569009,0
7,"7",70,1324,41511.7503244308,-87174.3209154242,0
7,"7",70,1290,40447.718084261,-90004.9123252578,0
7,"7",70,1291,40476.7935537103,-82825.0364638439,0
7,"7",70,1312,41135.495363058,-78549.6149942421,0
7,"7",70,1311,41104.0642108075,-66987.1637363827,0
7,"7",70,1303,40853.460665521,-80470.9225730203,0
7,"7",70,1341,42045.2073794656,-94346.9492668807,0
7,"7",70,1316,41261.8321183571,-64150.8568871033,0
7,"7",70,1330,41700.2211893128,-96130.8048891999,0
7,"7",70,1313,41166.6153269289,-96889.2666030085,0
7,"7",70,1295,40607.3360838112,-88278.2711345895,0
7,"7",70,1308,41010.060291626,-73866.4316437544,0
7,"7",70,1318,41326.0073616305,-80431.254822543,0
7,"7",70,1285,40288.6967709995,-88598.8536358223,0
7,"7",70,1358,42577.8045797623,-90201.7231150567,0
7,"7",70,1287,40353.3520756396,-72725.9627202105,0
7,"7",70,1284,40257.4200819126,-90852.0445764922,0
7,"7",70,1281,40165.8783845817,-92461.9989572501,0
7,"7",70,1280,40132.1001376758,-57699.2003091796,0
7,"7",70,1293,40539.4920611581,-90140.3637124014,0
7,"7",70,1276,40006.7220691017,-76826.216040824,0
7,"7",70,1326,41577.5941093596,-87697.235420881,0
7,"7",70,1320,41386.3156567809,-84327.2965971399,0
7,"7",70,1285,40288.6821325704,-71611.9617777014,0
7,"7",70,1296,40633.7068039848,-75764.1615400803,0
7,"7",70,1308,41011.0541321861,-91902.8731121321,0
7,"7",70,1241,0,-72522.4694530206,0
7,"7",70,1280,40133.3644073377,-84738.8656029641,0
7,"7",70,1337,41919.1013209271,-79602.0339791892,0
7,"7",70,1276,40006.5235166297,-81941.3678376433,0
7,"7",70,1375,43110.7512197505,-71281.3568186474,0
7,"7",70,1274,39944.2415409351,-64270.8428850807,0
7,"7",70,1224,0,-91459.3513398915,0
7,"7",70,1323,41480.1994717437,-78677.393743068,0
7,"7",70,1303,40854.6173480285,-83481.8794712836,0
7,"7",70,1316,41261.7280097093,-62914.129951107,0
7,"7",70,1277,40039.5906430266,-87810.643609232,0
7,"7",70,1313,41166.5785730806,-87152.7014847011,0
7,"7",70,1373,43048.0204838088,-78721.132454616,0
7,"7",70,1279,40100.6762763365,-80639.1999512446,0
7,"7",70,1269,0,-91513.6441022692,0
7,"7",70,1327,41605.5193328366,-75957.2926973615,0
7,"7",70,1324,41511.9341376203,-59019.6276968518,0
7,"7",70,1295,40602.1981113669,-87013.0841081057,0
7,"7",70,1344,42138.646260467,-77479.0966907715,0
7,"7",70,1330,41699.5704012946,-82932.3266085354,0
7,"7",70,1295,40602.1998640653,-77963.3288326191,0
7,"7",70,1363,42734.2054229242,-88725.8773786451,0
7,"7",70,1368,42891.110855287,-77255.9305489118,0
7,"7",70,1305,40915.8438756125,-92291.5992370533,0
7,"7",70,1297,40667.9885136664,-79810.4877332193,0
7,"7",70,1286,40320.0959986435,-91866.312894328,0
7,"7",70,1373,43047.7701191949,-87409.9349513332,0
7,"7",70,1321,41417.3875464359,-74381.9353668455,0
7,"7",70,1278,40069.2064851616,-86053.4335001613,0
7,"7",70,1357,42547.3316260593,-84283.1357067363,0
7,"7",70,1372,43018.0931742788,-83657.563803978,0
7,"7",70,1308,41011.5700508658,-80808.0407401101,0
7,"7",70,1346,42203.299585778,-92293.8538996618,0
7,"7",70,1274,0,-79730.4482536587,0
7,"7",70,1282,40195.2687236823,-78112.3455790487,0
7,"7",70,1355,42484.7222860589,-84653.6426746056,0
7,"7",70,1282,40194.615469864,-100015.178069033,0
7,"7",70,1310,41072.97671383,-106278.905221067,0
7,"7",70,1282,40195.1292416174,-80229.7283079669,0
7,"7",70,1302,40821.737654783,-81362.952174247,0
7,"7",70,1300,40759.1051182933,-83589.2139335012,0
7,"7",70,1310,41073.7846842712,-83173.0459299047,0
8,"8",80,916,28593.369193433,-59814.3477025385,0
8,"8",80,935,29186.5016126052,-58496.0638668874,0
8,"8",80,938,29280.4136972445,-64245.741480658,0
8,"8",80,911,28437.8756060488,-46102.6320721513,0
8,"8",80,913,28500.3784555311,-58468.3348161446,0
8,"8",80,884,27594.5014196484,-57920.2465715971,0
8,"8",80,920,28718.217846006,-49189.4020366645,0
8,"8",80,919,28690.4165323256,-53852.7296800354,0
8,"8",80,936,29221.0441787248,-57510.3967594371,0
8,"8",80,929,28999.3226807316,-63714.4143388036,0
8,"8",80,915,28562.1494748954,-60626.1379109749,0
8,"8",80,911,28437.965895127,-52424.3687346092,0
8,"8",80,896,27969.1798345231,-60796.9087358967,0
8,"8",80,952,29719.4272775062,-67417.309439448,0
8,"8",80,873,27251.1246238469,-49504.0428390549,0
8,"8",80,912,28469.621073698,-64483.5865395728,0
8,"8",80,885,27625.7379964553,-65832.7060748852,0
8,"8",80,940,29343.4713223177,-51748.8359021214,0
8,"8",80,928,28968.7334407067,-62601.548210642,0
8,"8",80,937,29248.8936315582,-57366.6420337987,0
8,"8",80,889,27750.7531283251,-62254.5010716657,0
8,"8",80,911,28438.2480517662,-65251.5333643684,0
8,"8",80,940,29342.6650289321,-59429.1961134624,0
8,"8",80,962,30029.8187740325,-61688.7560759796,0
8,"8",80,906,28281.5723096728,-68955.2623148348,0
8,"8",80,895,27943.1578984252,-64655.9015560781,0
8,"8",80,915,28562.1615378306,-46411.6529178468,0
8,"8",80,901,28128.4615896398,-60780.6865588533,0
8,"8",80,894,27907.4138481091,-64585.1018509402,0
8,"8",80,941,29376.6405453991,-53839.6507648864,0
8,"8",80,916,28593.9863768031,-66958.4670680483,0
8,"8",80,918,28655.7854069801,-53439.6881800609,0
8,"8",80,993,31000.3011017429,-59331.0271082373,0
8,"8",80,942,29406.8994396685,-61827.3748172334,0
8,"8",80,896,27970.0325692461,-57520.5461302567,0
8,"8",80,926,28906.5475697314,-55973.8568995414,0
8,"8",80,914,28531.2866600129,-66513.7183196595,0
8,"8",80,921,28750.1358420267,-59987.6142992245,0
8,"8",80,948,29592.4097785238,-52716.5151583292,0
8,"8",80,915,28562.332636233,-55251.5448096269,0
8,"8",80,847,0,-59206.9080884785,0
8,"8",80,927,28938.5531615422,-57321.5187027794,0
8,"8",80,918,28655.896370552,-51544.8202012766,0
8,"8",80,969,30250.9991890565,-63766.1270841775,0
8,"8",80,885,27625.6943293663,-62972.1434863946,0
8,"8",80,939,29311.8806104992,-57123.6622503366,0
8,"8",80,903,28190.2286154277,-52679.0929399891,0
8,"8",80,881,27502.0174051897,-53757.6812231524,0
8,"8",80,902,28156.3710794769,-48338.6107031271,0
8,"8",80,910,28406.0673999726,-64801.9039052836,0
8,"8",80,874,27283.2290926684,-60319.780016347,0
8,"8",80,894,27906.6465352871,-57583.4018971418,0
8,"8",80,912,28471.3284015328,-60067.8905129282,0
8,"8",80,965,30123.2024404661,-58793.5818741141,0
8,"8",80,953,29748.7034852315,-68996.9297054037,0
8,"8",80,967,30185.5126985495,-50543.6805051702,0
8,"8",80,957,29873.2679504818,-60376.697419353,0
8,"8",80,941,29373.8685967625,-57243.1426295402,0
8,"8",80,912,28468.5421389805,-55967.2920010782,0
8,"8",80,869,0,-46769.2158219085,0
8,"8",80,999,31184.3021237899,-56420.3391635381,0
8,"8",80,911,28437.5946961023,-66169.1220068154,0
8,"8",80,938,29280.9471602999,-66490.5078278827,0
8,"8",80,955,29810.9062737486,-55816.6642071161,0
8,"8",80,840,0,-56221.1383691033,0
8,"8",80,939,29311.3513648362,-51360.1698054119,0
8,"8",80,853,0,-58185.0094740376,0
8,"8",80,933,29124.0803659719,-51536.6684918053,0
8,"8",80,923,28812.5656436668,-55086.6381521541,0
8,"8",80,876,27345.0219287391,-59374.5197188904,0
8,"8",80,905,28250.0546052996,-55681.9913179767,0
8,"8",80,956,29844.1323042498,-60479.6016931673,0
8,"8",80,944,29467.3866461884,-54193.3823060072,0
8,"8",80,971,30310.5937681946,-59474.5948301901,0
8,"8",80,948,29592.4087382734,-48628.5259294212,0
8,"8",80,961,29999.5260030614,-53240.1395590213,0
8,"8",80,957,29878.1115370424,-64260.1953146372,0
8,"8",80,878,27407.5061369649,-53586.8628128979,0
8,"8",80,922,28780.748405096,-59441.3263637479,0
8,"8",80,931,29061.5856163152,-55140.4587828268,0
9,"9",100,126,0,-4017.73814000343,0
9,"9",100,156,1861.31830880741,-4162.05956464647,0
9,"9",100,134,1600.61188251262,-4293.48971152468,0
9,"9",100,166,1979.94805187772,-4438.09044776631,0
9,"9",100,145,1729.85456428486,-4074.14006415627,0
9,"9",100,146,1741.5094822759,-4500.76384641592,0
9,"9",100,153,1825.15628377149,-4013.17861509019,0
9,"9",100,124,0,-3192.74233981603,0
9,"9",100,159,1899.10949675826,-4079.58694710839,0
9,"9",100,150,1789.13720506243,-3620.19817561142,0
9,"9",100,160,1908.90249113411,-4276.8296260783,0
9,"9",100,151,1801.19836445159,-4337.67743840976,0
9,"9",100,152,1813.29010955055,-3968.48334978026,0
9,"9",100,144,1717.62966978225,-4058.21450580398,0
9,"9",100,164,1958.51390339008,-3900.90791955516,0
9,"9",100,160,1909.15957550918,-4361.79312709321,0
9,"9",100,152,1813.52178564614,-3390.0362990864,0
9,"9",100,144,1717.6918669213,-3600.42623691615,0
9,"9",100,150,1789.17913989457,-3350.29171451896,0
9,"9",100,161,1920.96375919064,-3546.86161976545,0
9,"9",100,161,1921.51564239691,-4058.33206314554,0
9,"9",100,139,1661.76380090956,-4298.09295173802,0
9,"9",100,144,1719.01872476073,-4011.95190283308,0
9,"9",100,155,1848.83489366337,-4240.9571990405,0
9,"9",100,133,1587.47908778708,-4485.42941443627,0
9,"9",100,165,1972.49108762604,-3880.74681000762,0
9,"9",100,129,1539.33463543638,-3432.77183232353,0
9,"9",100,144,1717.77131376982,-3783.61700851665,0
9,"9",100,155,1849.34705006613,-3604.23911795546,0
9,"9",100,140,1669.83528052482,-4357.18091366237,0
9,"9",100,137,1634.1671917337,-3305.42298608768,0
9,"9",100,156,1860.79064537339,-4136.69952280327,0
9,"9",100,153,1824.98784347769,-4406.46178535059,0
9,"9",100,134,1598.27589838718,-3565.34896290116,0
9,"9",100,145,1729.70584307804,-4051.81738600867,0
9,"9",100,122,0,-3527.60240710117,0
9,"9",100,140,1672.83650916445,-4669.83343864742,0
9,"9",100,134,1598.66103679861,-4116.56346123166,0
9,"9",100,147,1753.34294408042,-3719.7259908619,0
9,"9",100,154,1837.26402958302,-4172.36681209519,0
9,"9",100,154,1837.24395648201,-3637.93334960429,0
9,"9",100,148,1766.83655487505,-3879.89707819812,0
9,"9",100,170,2027.69764906142,-4130.46775093528,0
9,"9",100,134,1598.44064447197,-4446.13575111837,0
9,"9",100,153,1825.90560865903,-3716.97239239723,0
9,"9",100,155,1851.7923401642,-3491.05576279883,0
9,"9",100,138,1646.125504079,-3686.0423553755,0
9,"9",100,138,1646.76968700303,-3763.14005610406,0
9,"9",100,136,1622.30247176469,-3609.22051738725,0
9,"9",100,125,0,-4500.89391237836,0
9,"9",100,157,1872.65365851844,-3336.74021625443,0
9,"9",100,156,1861.18518992828,-4354.59763328607,0
9,"9",100,159,1896.68269378564,-4184.27907469734,0
9,"9",100,144,1717.99350466578,-4083.65194821036,0
9,"9",100,153,1825.15501826664,-4955.03484372205,0
9,"9",100,154,1837.07199185457,-4454.41932106755,0
9,"9",100,150,1789.97483614713,-4805.20898476939,0
9,"9",100,155,1850.1303627273,-4504.29343234672,0
9,"9",100,156,1861.98923237856,-3605.90597006164,0
9,"9",100,140,1670.20805268565,-4839.51813822814,0
9,"9",100,169,2017.20148792258,-4154.21583476305,0
9,"9",100,158,1885.63490822521,-3828.22273755698,0
9,"9",100,139,1658.2392293167,-4099.64770415241,0
9,"9",100,154,1838.39323183939,-3859.62853709197,0
9,"9",100,135,1610.34359173187,-4095.10263579266,0
9,"9",100,170,2028.04881021788,-4619.42755666455,0
9,"9",100,144,1717.58558151649,-4399.70185971735,0
9,"9",100,152,1812.96328840291,-4501.60638872749,0
9,"9",100,164,1956.38439861484,-3391.78052009899,0
9,"9",100,156,1860.74959816594,-3697.04817911345,0
9,"9",100,163,1945.64489190776,-4093.5389326099,0
9,"9",100,145,1729.47660733305,-3994.14207264616,0
9,"9",100,150,1789.28530041232,-3656.14135546021,0
9,"9",100,167,1997.63172894049,-3752.91740373647,0
9,"9",100,149,1777.18409173761,-4883.22044231558,0
9,"9",100,183,2182.72283781578,-3381.14737429936,0
9,"9",100,136,1622.4419247609,-3883.75639870619,0
9,"9",100,166,1980.03178950743,-4324.25809992812,0
9,"9",100,152,1814.4867079363,-4119.17100532908,0
9,"9",100,164,1956.39142553835,-4244.31598529366,0
9,"9",100,137,1634.90082354092,-4826.34625586839,0
9,"9",100,143,1705.73349547777,-4459.62409476209,0
9,"9",100,164,1956.25969097729,-4198.50438164196,0
9,"9",100,159,1899.60323608851,-4024.98243917558,0
9,"9",100,152,1813.57735157678,-4399.06694448141,0
9,"9",100,147,1758.94001266303,-3885.6411372479,0
9,"9",100,143,1706.10084457951,-4391.70705617451,0
9,"9",100,139,1658.24954589534,-4524.14222374097,0
9,"9",100,127,1514.81474362815,-3876.72803482251,0
9,"9",100,165,1968.38116352615,-4005.87727803699,0
9,"9",100,122,0,-4684.07910888591,0
9,"9",100,147,1753.33562930042,-4005.19120370151,0
9,"9",100,143,1705.62651278136,-3865.09814057898,0
9,"9",100,151,1801.89657132845,-4117.61204481139,0
9,"9",100,151,1802.55365996618,-4495.67705364142,0
9,"9",100,153,1825.51986133952,-4379.87730559473,0
9,"9",100,141,1681.76562496946,-3895.7589949457,0
9,"9",100,133,1586.38154522825,-3912.91447522338,0
9,"9",100,145,1731.41345918192,-3779.14524199725,0
9,"9",100,143,1711.94569602694,-4580.32597744314,0
10,"10",800,417,8808.14663087665,-59922.9646766673,0
10,"10",800,472,9969.01681016361,-62825.5467942146,0
10,"10",800,454,9588.27140291372,-60441.8349034128,0
10,"10",800,439,9270.79815386385,-59996.6394661345,0
10,"10",800,408,0,-57382.1871236208,0
10,"10",800,463,9777.65875112625,-59344.3198376422,0
10,"10",800,414,0,-64475.698205407,0
10,"10",800,434,9165.41723787414,-61291.5846968833,0
10,"10",800,458,9672.06547591123,-58181.2634204319,0
10,"10",800,421,8894.5599723352,-61224.3052964133,0
10,"10",800,421,8891.14347805624,-64208.57124376,0
10,"10",800,449,9481.99045063351,-61107.6968596664,0
10,"10",800,447,9441.84551698275,-57214.0923565281,0
10,"10",800,461,9735.95239675713,-60259.9802853108,0
10,"10",800,432,9124.00098501345,-60871.6590430002,0
10,"10",800,479,10117.4351676886,-58509.755947575,0
10,"10",800,460,9714.46218825178,-60389.4417798938,0
10,"10",800,464,9800.03912941139,-58064.4839226644,0
10,"10",800,446,9419.38193012806,-60320.2018766124,0
10,"10",800,483,10200.0633088624,-60157.4327893244,0
10,"10",800,458,9672.53140508882,-62978.3821333655,0
10,"10",800,422,8911.95767117403,-58224.665813141,0
10,"10",800,456,9631.59003000391,-60197.8129541995,0
10,"10",800,476,10052.3667085249,-62244.007097744,0
10,"10",800,445,9398.88132257487,-63689.383636234,0
10,"10",800,451,9526.51694214153,-63055.9572916286,0
10,"10",800,441,9313.34779668387,-63486.1316964996,0
10,"10",800,488,10314.2608214836,-61853.3029944312,0
10,"10",800,443,9355.50135849489,-56287.0440449552,0
10,"10",800,475,10033.2572219151,-62243.4392102654,0
10,"10",800,427,9020.48471782387,-60403.0687822055,0
10,"10",800,439,9272.17009375885,-59075.4827383295,0
10,"10",800,446,9418.62332185921,-57513.429481379,0
10,"10",800,437,9228.6734156038,-60418.4261389106,0
10,"10",800,453,9567.55286097711,-57928.6440612857,0
10,"10",800,454,9589.00770462157,-59668.2602515755,0
10,"10",800,421,8890.89309393973,-62504.7179484473,0
10,"10",800,464,9801.37482562294,-59394.2787978318,0
10,"10",800,462,9758.50210276641,-58900.2640074907,0
10,"10",800,446,9420.22380236142,-64450.2276395733,0
10,"10",800,435,9186.39806676926,-60363.9620019275,0
10,"10",800,470,9925.48416223271,-59560.462689126,0
10,"10",800,440,9292.00331823309,-63986.5361872807,0
10,"10",800,441,9313.39604666372,-63467.6958163617,0
10,"10",800,468,9884.17501869146,-57625.5519551359,0
10,"10",800,476,10054.7137981218,-59682.669086375,0
10,"10",800,482,10179.1959015958,-62967.5092953765,0
10,"10",800,485,10242.71930281,-60830.7496476342,0
10,"10",800,431,9101.85389262574,-61729.2738236552,0
10,"10",800,483,10199.9920440558,-56767.0995652958,0
10,"10",800,439,9273.26719334097,-63281.2891629978,0
10,"10",800,458,9672.13740570139,-60955.1219704856,0
10,"10",800,456,9629.82132207982,-59430.2035190613,0
10,"10",800,478,10094.7992379081,-62374.1026255049,0
10,"10",800,462,9759.15795141899,-61254.4153829664,0
10,"10",800,466,9841.53218267867,-59904.6849994848,0
10,"10",800,449,9482.32520611842,-57929.5044111902,0
10,"10",800,453,9566.55983388098,-61145.7550403933,0
10,"10",800,454,9587.57054025717,-63530.1335310502,0
10,"10",800,446,9419.15442205402,-65351.5872820965,0
10,"10",800,404,0,-58260.411847097,0
10,"10",800,451,9525.30430095402,-60035.7931834088,0
10,"10",800,486,10266.3866109946,-61982.720458046,0
10,"10",800,457,9651.8086948931,-61109.2401710278,0
10,"10",800,502,10601.3391009686,-61182.2077069884,0
10,"10",800,409,0,-58091.0179103677,0
10,"10",800,401,0,-60151.1325758098,0
10,"10",800,467,9863.07004817382,-63568.2219696386,0
10,"10",800,456,9629.9402418637,-57568.1672767882,0
10,"10",800,448,9460.86190368765,-58398.1685136868,0
10,"10",800,473,9989.58477496909,-59143.2526037727,0
10,"10",800,439,9275.38399129931,-59641.916470691,0
10,"10",800,458,9672.38153782266,-58793.2329795361,0
10,"10",800,432,9123.26194263127,-58510.7946837269,0
10,"10",800,464,9798.75215573942,-61855.6263358786,0
10,"10",800,462,9756.64913921082,-61923.8753959012,0
10,"10",800,487,10284.4699795448,-61544.9580668782,0
10,"10",800,458,9672.10074111988,-59800.2056240948,0
10,"10",800,421,8890.70022257453,-58586.8501601081,0
10,"10",800,432,9125.14200387081,-59878.6373891428,0
10,"10",800,490,10348.0775640861,-59387.2952499384,0
10,"10",800,457,9651.53613106893,-63055.2576127517,0
10,"10",800,454,9589.43708316351,-61432.0833947991,0
10,"10",800,507,10706.8347360266,-59636.3091905455,0
10,"10",800,474,10013.0876802514,-61790.350153521,0
10,"10",800,474,10011.0873979195,-56319.4636311846,0
10,"10",800,442,9336.16211132462,-61429.5077621234,0
10,"10",800,426,8996.48986081643,-61848.9960626878,0
10,"10",800,461,9735.71606281101,-61193.3020476045,0
10,"10",800,435,9190.40619350913,-59185.6400826461,0
10,"10",800,447,9440.10747934388,-54835.5074684081,0
10,"10",800,459,9693.15760282799,-60286.9935831593,0
10,"10",800,459,9693.20664723945,-56841.2662542375,0
10,"10",800,417,8809.60635221981,-60241.568813161,0
10,"10",800,470,9925.6591364437,-59156.5487563511,0
10,"10",800,466,9840.98436555892,-62008.1231038375,0
10,"10",800,437,9228.56818357224,-60710.500414117,0
10,"10",800,446,9418.67206036884,-57262.7652441241,0
10,"10",800,443,9357.49636244284,-62095.7623706986,0
10,"10",800,432,9123.06300915436,-60018.566389138,0
10,"10",800,420,8871.8849611724,-60167.4106585453,0
10,"10",800,424,8954.95121019552,-56209.8061582061,0
10,"10",800,461,9736.10958282236,-64497.6670775857,0
10,"10",800,442,9336.15371426419,-64254.8315329664,0
10,"10",800,443,9355.27807368327,-61024.3103511823,0
10,"10",800,467,9862.89358122427,-62746.60151796,0
10,"10",800,437,9228.59374014611,-61410.9373204364,0
10,"10",800,441,9317.36103105048,-57654.4744969802,0
10,"10",800,430,9080.94112261622,-62638.4824131323,0
10,"10",800,458,9672.6028474071,-60662.586639664,0
10,"10",800,437,9228.56303616155,-59811.2998081809,0
10,"10",800,459,9693.23789114959,-58691.9654263129,0
10,"10",800,404,0,-60513.8731976871,0
10,"10",800,468,9887.5452734286,-62155.6221845792,0
10,"10",800,440,9293.79535510992,-57237.7301460284,0
10,"10",800,471,9947.68577024732,-61486.4633329094,0
10,"10",800,461,9737.81367432138,-61237.187198126,0
10,"10",800,445,9397.63131985793,-59329.1895539311,0
10,"10",800,403,0,-58409.1253237718,0
10,"10",800,426,9001.07267579569,-61246.2968958978,0
10,"10",800,481,10159.0421200603,-58238.102397839,0
10,"10",800,445,9397.50432626205,-61167.8997305292,0
10,"10",800,447,9439.93932256632,-58785.5180298156,0
10,"10",800,429,9062.3334089263,-62100.2828973936,0
10,"10",800,422,8911.82276071214,-55681.9853284005,0
10,"10",800,437,9230.62242886448,-62467.1624495152,0
10,"10",800,463,9777.654240708,-60380.3943451438,0
10,"10",800,456,9631.3388647658,-58721.0531813495,0
10,"10",800,470,9925.68223530962,-58979.6536582435,0
10,"10",800,424,8954.49549238367,-63004.9135463625,0
10,"10",800,451,9525.47571481029,-60042.6051659366,0
10,"10",800,434,9166.12238860383,-62807.141502801,0
10,"10",800,421,8890.7703933152,-64614.86682263,0
10,"10",800,448,9461.3143824194,-58908.5044792651,0
10,"10",800,488,10305.600226524,-64285.4764711844,0
10,"10",800,439,9270.91538628923,-58964.2087107365,0
10,"10",800,466,9844.33921168528,-56471.0005770087,0
10,"10",800,449,9481.9866048286,-59631.9671855566,0
10,"10",800,436,9207.88259925384,-58909.1699259929,0
10,"10",800,437,9228.76335248578,-58670.3242247609,0
10,"10",800,448,9461.32067417556,-62333.9366227877,0
10,"10",800,461,9736.49879999468,-61066.9873756834,0
10,"10",800,475,10031.2000525698,-58762.6083116428,0
10,"10",800,458,9672.39654201269,-59695.1304723873,0
10,"10",800,460,9720.95546110491,-61444.2419976649,0
10,"10",800,460,9715.25115961702,-59790.7066828411,0
10,"10",800,413,0,-59978.8803006743,0
10,"10",800,471,9946.84710454385,-61501.2143002563,0
10,"10",800,429,9064.02008525515,-59589.6078170229,0
10,"10",800,447,9440.69116600954,-60273.8177349523,0
10,"10",800,446,9420.98091542157,-58915.6514229386,0
10,"10",800,447,9447.68936252762,-59601.0688109327,0
10,"10",800,460,9714.32576496602,-60326.927847754,0
10,"10",800,449,9482.26786570411,-58509.958760749,0
10,"10",800,454,9588.04351058698,-62463.8034030425,0
10,"10",800,461,9735.89269974028,-63429.1661103621,0
10,"10",800,403,0,-62244.6435225226,0
10,"10",800,460,9714.70687180268,-62108.9349934714,0
10,"10",800,450,9504.50230320138,-60689.5586701069,0
10,"10",800,462,9756.54412602133,-61318.8949660928,0
10,"10",800,446,9418.86074953303,-61798.0122235157,0
10,"10",800,431,9102.5196449409,-58670.8310265121,0
10,"10",800,407,0,-58171.2037892004,0
10,"10",800,482,10180.0272409623,-58485.5031776707,0
10,"10",800,478,10099.1458230452,-63134.2552630896,0
10,"10",800,433,9146.65352675247,-60465.7777918069,0
10,"10",800,449,9482.82452152188,-58305.1317121308,0
10,"10",800,439,9270.98421266608,-60498.5713257507,0
10,"10",800,475,10032.1000459605,-58765.6382742144,0
10,"10",800,479,10115.7404623819,-62302.0505486123,0
10,"10",800,465,9820.85616614177,-65064.5498904052,0
10,"10",800,465,9823.3461703579,-60824.4669337625,0
10,"10",800,444,9377.05359225825,-60252.4011906203,0
10,"10",800,432,9123.47073552276,-60633.9166608425,0
10,"10",800,445,9398.84785915946,-59527.9853585862,0
10,"10",800,462,9756.54603515394,-54934.8490973591,0
10,"10",800,460,9714.40185076288,-59923.6560202164,0
10,"10",800,434,9166.50061728395,-59895.2202762543,0
10,"10",800,466,9844.02512694424,-59776.488425284,0
10,"10",800,451,9524.85012500643,-61423.0460991353,0
10,"10",800,485,10242.2858400627,-61541.9533143327,0
10,"10",800,445,9398.65595575409,-59379.8749678859,0
10,"10",800,416,0,-59250.1752990461,0
10,"10",800,462,9757.17916348353,-63769.244806885,0
10,"10",800,455,9608.77915937186,-61276.0136356625,0
10,"10",800,449,9482.67333028853,-58736.0231653499,0
10,"10",800,474,10009.9933789302,-62762.503497919,0
10,"10",800,439,9270.97534128649,-58630.3299362465,0
10,"10",800,473,9990.06847825665,-54112.9650979503,0
10,"10",800,441,9314.57102874378,-58412.9399587553,0
10,"10",800,432,9124.67357014775,-61191.5914338529,0
10,"10",800,490,10348.9350998864,-56348.5899611866,0
10,"10",800,464,9798.79963390748,-59999.4118644935,0
10,"10",800,460,9716.8377936099,-57918.2236439474,0
10,"10",800,434,9165.88862753464,-57506.9242798384,0
10,"10",800,433,9145.15738156963,-61373.8949051634,0
10,"10",800,468,9885.22861462991,-59131.4698540655,0
10,"10",800,436,9213.82495501985,-61378.511404362,0
10,"10",800,475,10031.0632659903,-61408.2407806947,0
10,"10",800,407,0,-61524.4464468122,0
10,"10",800,458,9672.06775547344,-58979.4509542813,0
10,"10",800,440,9299.21829374475,-59473.530749701,0
10,"10",800,475,10035.795974958,-60097.350860336,0
10,"10",800,468,9883.22511673978,-56214.3014259672,0
10,"10",800,470,9926.55683297281,-60748.3099336868,0
10,"10",800,438,9251.42366899557,-55934.8011804044,0
10,"10",800,435,9188.47198519672,-60667.0569536928,0
10,"10",800,461,9735.41597345602,-59922.904431999,0
10,"10",800,471,9956.45484378157,-58681.6725616756,0
10,"10",800,467,9862.30611778142,-59587.7257448115,0
10,"10",800,474,10009.9925633046,-62314.4709410062,0
10,"10",800,454,9587.62294185337,-59240.8991024523,0
10,"10",800,459,9693.40500076924,-66216.6957229627,0
10,"10",800,420,8872.07414531318,-59925.7902857605,0
10,"10",800,458,9672.1667702407,-61066.8403545493,0
10,"10",800,440,9292.18840480924,-58370.9810938299,0
10,"10",800,442,9337.38210120032,-57659.2244522576,0
10,"10",800,480,10136.7103102553,-60005.3172801162,0
10,"10",800,460,9715.23867356481,-63946.3724266518,0
10,"10",800,454,9587.70520497412,-62005.5503974106,0
10,"10",800,439,9271.38080231369,-55804.9168553946,0
10,"10",800,420,8869.58934144451,-58912.8095350359,0
10,"10",800,442,9334.18016424345,-60115.9001737266,0
10,"10",800,429,9059.81063758566,-59168.6983443215,0
10,"10",800,435,9188.20761657898,-62199.8391096545,0
10,"10",800,498,10522.3465566224,-57922.8428044144,0
10,"10",800,459,9693.80695193305,-60599.7264662402,0
10,"10",800,438,9250.60969876692,-58904.6600538836,0
10,"10",800,440,9292.92862576289,-61167.42724632,0
10,"10",800,485,10244.7089136081,-58111.8329519081,0
10,"10",800,479,10115.5820928542,-59086.3118978668,0
10,"10",800,468,9883.61005954011,-61610.8813735917,0
10,"10",800,443,9356.24761152321,-60290.2506483065,0
10,"10",800,416,0,-59466.805618914,0
10,"10",800,471,9946.64575823099,-56338.5579044362,0
10,"10",800,407,0,-63140.4074362156,0
10,"10",800,426,8999.33323895644,-58905.4435457403,0
10,"10",800,460,9714.33124072206,-59547.9197866571,0
10,"10",800,423,8933.13269407989,-57811.0974538787,0
10,"10",800,451,9524.27070935972,-61705.932108386,0
10,"10",800,439,9270.8998862907,-57686.341959614,0
10,"10",800,442,9334.2951493917,-58307.845416178,0
10,"10",800,463,9777.75315769442,-62709.2115208751,0
10,"10",800,477,10073.5380322807,-58331.9681787994,0
10,"10",800,443,9355.28042961363,-58020.686928176,0
10,"10",800,447,9440.10999657597,-62085.8699051686,0
10,"10",800,422,8912.11202472999,-58398.7369914276,0
10,"10",800,445,9399.48898432043,-61251.4771565962,0
10,"10",800,454,9589.35400154157,-55651.5849165376,0
10,"10",800,481,10159.8716126969,-61069.5102166742,0
10,"10",800,454,9588.6605129041,-58822.1990638601,0
10,"10",800,456,9636.26876668175,-60956.0951238741,0
10,"10",800,450,9503.84416001482,-62773.9220298231,0
10,"10",800,465,9820.86295557059,-61499.1270846361,0
10,"10",800,417,8810.02098639038,-59935.3305757964,0
10,"10",800,471,9946.71057059305,-56792.3058944548,0
10,"10",800,497,10496.4998553427,-61236.5850464287,0
10,"10",800,485,10254.7441434093,-57545.3526947921,0
10,"10",800,432,9126.96275072788,-61118.6433390763,0
10,"10",800,490,10348.2567551483,-59654.7593816003,0
10,"10",800,441,9313.57698829644,-60715.4698347897,0
10,"10",800,447,9440.77627233941,-61359.0709014999,0
10,"10",800,440,9292.1349711613,-64192.3648614419,0
10,"10",800,466,9841.53190669959,-63201.1358200329,0
10,"10",800,433,9144.93935702592,-58540.8843206007,0
10,"10",800,428,9038.52669181755,-60765.7755965555,0
10,"10",800,431,9101.87869924019,-61308.7558870127,0
10,"10",800,435,9186.61273313368,-64266.6513600206,0
10,"10",800,441,9313.42724788206,-60035.7712094354,0
10,"10",800,429,9059.64775995867,-59533.6400576946,0
10,"10",800,458,9672.13794570263,-61674.0219012357,0
10,"10",800,501,10580.4843402056,-57434.1014341154,0
10,"10",800,447,9441.49375635706,-61174.328441478,0
10,"10",800,431,9102.40377374439,-60350.878880666,0
10,"10",800,466,9843.3599378803,-60542.8528423469,0
10,"10",800,473,9991.36110156382,-64061.3426910928,0
10,"10",800,451,9525.07727703999,-59072.3401426069,0
10,"10",800,453,9573.05301570487,-57310.0505020875,0
10,"10",800,449,9483.31878954735,-61244.9075405891,0
10,"10",800,482,10178.869895217,-59907.1619908363,0
10,"10",800,458,9672.37692755823,-61048.7746592741,0
10,"10",800,470,9925.93427383616,-56866.943412736,0
10,"10",800,480,10141.5637012664,-58047.4045900466,0
10,"10",800,440,9291.93297249142,-56886.6870596087,0
10,"10",800,449,9482.80822122426,-59863.4919598099,0
10,"10",800,465,9821.15191706501,-59326.0584162202,0
10,"10",800,442,9340.18236624362,-58360.7367805385,0
10,"10",800,435,9189.06566602337,-58396.9503694732,0
10,"10",800,465,9820.31964035286,-63227.6397840718,0
10,"10",800,448,9461.99928768791,-63048.494704523,0
10,"10",800,426,8996.90514539317,-62369.5807603072,0
10,"10",800,453,9570.99606984148,-63292.6367692554,0
10,"10",800,420,8869.59867170399,-63953.3030005391,0
10,"10",800,461,9738.74078585303,-57827.5659744961,0
10,"10",800,470,9925.46410475016,-60884.8806981717,0
10,"10",800,446,9418.90621396411,-62725.4010522727,0
10,"10",800,438,9249.72701188872,-60815.72393553,0
10,"10",800,428,9038.8511742683,-60472.7237959342,0
10,"10",800,449,9482.08665084233,-60641.5812232976,0
10,"10",800,442,9334.59748630221,-61769.6107156294,0
10,"10",800,475,10032.8368878953,-59342.6763730049,0
10,"10",800,461,9735.65493234577,-61389.7504848486,0
10,"10",800,433,9144.57897876297,-60969.0637753107,0
10,"10",800,482,10179.0538910994,-60503.4481469607,0
10,"10",800,450,9503.20160496425,-59117.7317823489,0
10,"10",800,457,9653.38356185096,-59956.8866279324,0
10,"10",800,471,9947.6064653373,-58656.0960091367,0
10,"10",800,465,9823.18435079605,-58838.2678782819,0
10,"10",800,475,10032.1047880907,-60031.6913456725,0
10,"10",800,459,9695.1920397525,-59592.5178707035,0
10,"10",800,491,10373.2282839989,-61667.4871640192,0
10,"10",800,408,0,-57497.8461853213,0
10,"10",800,483,10200.4707356003,-58909.4757328602,0
10,"10",800,440,9291.98642752564,-62177.9734343347,0
10,"10",800,424,8955.26795856365,-60056.9294064376,0
10,"10",800,445,9397.94223091187,-54153.8975336914,0
10,"10",800,428,9038.68866072163,-62346.7522499393,0
10,"10",800,447,9441.68207251479,-60062.5193739248,0
10,"10",800,454,9587.65405039526,-60875.2477167265,0
10,"10",800,460,9714.28929074516,-60990.8516436734,0
10,"10",800,465,9819.86895109159,-58132.8660614906,0
10,"10",800,430,9081.13424420161,-59468.0471431703,0
10,"10",800,450,9509.14739526055,-60725.6334651527,0
10,"10",800,451,9525.07789585671,-63494.4408929492,0
10,"10",800,493,10411.2400269742,-58221.7512185126,0
10,"10",800,479,10116.6538568502,-56932.2064984174,0
10,"10",800,443,9355.28721077077,-58018.1955072271,0
10,"10",800,437,9230.11291950172,-53504.0648586187,0
10,"10",800,450,9503.76793490859,-57389.9331878282,0
10,"10",800,426,8996.55982143063,-60907.4472109257,0
10,"10",800,483,10200.38612743,-64412.6868756016,0
10,"10",800,412,0,-59504.6584990337,0
10,"10",800,457,9653.65377186724,-57905.581846069,0
10,"10",800,465,9820.74765035461,-62197.4516493946,0
10,"10",800,482,10179.1055497615,-60919.0477959661,0
10,"10",800,475,10031.5373571914,-63380.2836213523,0
10,"10",800,454,9588.1252434249,-61744.7009284053,0
10,"10",800,464,9799.0363622847,-62531.228693445,0
10,"10",800,422,8911.79224934441,-57853.129552213,0
10,"10",800,433,9144.2328463908,-62312.7615918321,0
10,"10",800,506,10686.4485842952,-62395.222954583,0
10,"10",800,426,8996.31377803559,-57613.7133562841,0
10,"10",800,478,10094.6080693923,-59819.4320695702,0
10,"10",800,471,9947.08634578023,-62585.8526080945,0
10,"10",800,441,9313.03609229887,-64242.1442051775,0
10,"10",800,496,10474.5462649181,-59121.15794355,0
10,"10",800,465,9819.93731693845,-62119.19097243,0
10,"10",800,434,9166.80204581032,-60652.2006661054,0
10,"10",800,453,9567.27667707796,-58969.4123946026,0
10,"10",800,479,10115.711797426,-59310.3629417061,0
10,"10",800,456,9632.03647960105,-62095.4834311244,0
10,"10",800,439,9271.48338268348,-60195.91726052,0
10,"10",800,440,9292.20154805458,-65506.7629584361,0
10,"10",800,508,10729.8638011042,-61598.9441835695,0
10,"10",800,476,10052.3760530521,-61928.7461238127,0
10,"10",800,430,9080.74107169259,-63135.6881492372,0
10,"10",800,430,9084.19925023626,-61971.8092398033,0
10,"10",800,433,9144.50733089248,-61197.5173407687,0
10,"10",800,477,10077.5078399483,-58126.0728691634,0
10,"10",800,435,9187.46680071356,-60984.5252429657,0
10,"10",800,480,10136.8522319094,-61473.5236098183,0
10,"10",800,445,9397.70454157168,-61425.4342705062,0
10,"10",800,447,9440.43374778732,-61790.7475126915,0
10,"10",800,463,9778.38446313295,-61099.4624622168,0
10,"10",800,473,9988.90537717132,-57861.6472771637,0
10,"10",800,493,10411.9071705869,-60676.3030054651,0
10,"10",800,457,9651.00974673812,-63554.650738411,0
10,"10",800,456,9630.61326651199,-61127.7054487026,0
10,"10",800,456,9629.84206911136,-57186.0467526849,0
10,"10",800,465,9819.88813148114,-62567.8857500673,0
10,"10",800,457,9650.97719597196,-58643.803860386,0
10,"10",800,459,9693.80036877587,-62152.4457691255,0
10,"10",800,474,10011.7662843865,-62654.8419848826,0
10,"10",800,420,8873.2797458183,-64830.0273587007,0
10,"10",800,480,10137.330778629,-63488.5541431602,0
10,"10",800,456,9631.15409363889,-58520.8988561545,0
10,"10",800,453,9570.66905877867,-61152.930889155,0
10,"10",800,469,9904.98292324423,-58102.3601162386,0
10,"10",800,524,11066.1473568865,-58866.805727077,0
10,"10",800,443,9356.20939784913,-64105.0495384374,0
10,"10",800,444,9376.82291983186,-57565.3305618274,0
10,"10",800,423,8933.52820988865,-61392.8362210828,0
10,"10",800,464,9799.23788561602,-58362.9920241659,0
10,"10",800,474,10009.9266198621,-59527.3532485686,0
10,"10",800,444,9376.39266330645,-63490.2472244669,0
10,"10",800,475,10033.5779236263,-63656.3844703518,0
10,"10",800,460,9715.80670244238,-60702.5856609788,0
10,"10",800,428,9038.54555700087,-60939.5959952324,0
10,"10",800,445,9397.56027975591,-61838.5065495317,0
10,"10",800,440,9292.70063703485,-61497.0891411955,0
10,"10",800,440,9292.96572790956,-59833.9541273883,0
10,"10",800,435,9186.44635640725,-62909.3515838086,0
10,"10",800,435,9188.12492991822,-62021.276752103,0
10,"10",800,448,9460.862227152,-57860.1412073106,0
10,"10",800,439,9271.82959705986,-60201.8612054006,0
10,"10",800,447,9441.23903661558,-60487.8138371353,0
10,"10",800,457,9650.9230822687,-57247.3323407727,0
10,"10",800,451,9524.30277924184,-59713.283761761,0
10,"10",800,468,9883.22411663721,-58404.260635511,0
10,"10",800,441,9314.47775963648,-58713.4239141258,0
10,"10",800,451,9524.42996923827,-59353.6435812198,0
10,"10",800,448,9462.9431619673,-60498.0797981109,0
10,"10",800,464,9800.99182129016,-62820.3275341558,0
10,"10",800,490,10347.8345207687,-59864.0373801664,0
10,"10",800,423,8934.61020961866,-60109.7792080189,0
10,"10",800,440,9291.97536624722,-62796.8505239789,0
10,"10",800,467,9864.04669702981,-59334.1704049846,0
10,"10",800,468,9883.28231895489,-62236.472868935,0
10,"10",800,481,10159.7140311585,-63090.9660107838,0
10,"10",800,451,9525.89596785587,-58092.4025829613,0
10,"10",800,474,10010.3834840233,-56639.4243438919,0
10,"10",800,435,9186.92345781692,-57692.9225483571,0
10,"10",800,442,9334.15837752944,-59078.8884311586,0
10,"10",800,456,9630.29685603042,-60455.0224887791,0
10,"10",800,435,9186.32618840628,-57338.4785626656,0
10,"10",800,429,9059.62146933007,-59666.6095970337,0
10,"10",800,457,9651.78575574628,-61249.2869639085,0
10,"10",800,446,9420.64935544311,-62951.0786080171,0
10,"10",800,436,9209.39591928369,-54334.7714752876,0
10,"10",800,422,8913.81128364363,-58012.6987440079,0
10,"10",800,485,10242.2537712235,-63226.7916156665,0
10,"10",800,452,9545.66369209202,-61446.633385161,0
10,"10",800,470,9927.075963055,-58810.3109474804,0
10,"10",800,456,9630.03378283536,-61009.0092672618,0
10,"10",800,429,9059.78124911824,-55841.7335873328,0
10,"10",800,465,9820.9680566754,-59450.1207366191,0
10,"10",800,416,0,-60799.5442654519,0
10,"10",800,427,9017.60917976429,-57256.0175988954,0
10,"10",800,462,9756.58329475452,-60432.536166933,0
10,"10",800,431,9101.98485439129,-58374.6802223435,0
10,"10",800,460,9714.3917931469,-58736.7457756222,0
10,"10",800,479,10116.1578195862,-59982.427362995,0
10,"10",800,450,9503.54413833646,-59678.4031793015,0
10,"10",800,512,10812.972010129,-57215.0733036101,0
10,"10",800,439,9270.94769114568,-60658.9475574895,0
10,"10",800,418,8827.53724237952,-59063.6301452736,0
10,"10",800,441,9313.31979119717,-58232.4197202896,0
10,"10",800,461,9735.92862496735,-57917.7458857366,0
10,"10",800,444,9376.47275373197,-62027.4424171361,0
10,"10",800,452,9545.57084222365,-57789.17596928,0
10,"10",800,459,9694.59954051248,-61248.3453805086,0
10,"10",800,436,9211.52812413033,-60754.6804897848,0
10,"10",800,450,9503.76164434657,-59600.722598413,0
10,"10",800,460,9717.52693790674,-56803.6695724754,0
10,"10",800,437,9228.81876599906,-60895.6305859123,0
10,"10",800,387,0,-58518.470351816,0
10,"10",800,435,9187.28248015417,-62716.9066394157,0
10,"10",800,446,9418.62246277927,-61484.7573030179,0
10,"10",800,471,9946.68552073518,-57818.9912651467,0
10,"10",800,420,8869.55770528925,-60409.0413732388,0
10,"10",800,456,9629.81924313507,-60493.3264299027,0
10,"10",800,436,9210.51525721658,-58392.196036762,0
10,"10",800,465,9822.8394422539,-58988.9028374798,0
10,"10",800,471,9947.23615962501,-59581.7712526408,0
10,"10",800,436,9207.47289950468,-61182.4382940694,0
10,"10",800,475,10031.6002778114,-60308.8278773686,0
10,"10",800,486,10265.5681022884,-60969.7391740773,0
10,"10",800,478,10099.2468285204,-57963.835805991,0
10,"10",800,458,9672.04860943961,-57975.0207320992,0
10,"10",800,450,9507.21599147987,-62863.0690952336,0
10,"10",800,445,9397.50491215618,-59278.2314624902,0
10,"10",800,421,8891.57046802388,-56652.0268695835,0
10,"10",800,475,10031.5087233163,-55691.3167274997,0
10,"10",800,443,9356.84096050308,-58125.6518793289,0
10,"10",800,455,9610.21093306095,-60048.2860287587,0
10,"10",800,473,9989.70078694669,-56704.3669588027,0
10,"10",800,424,8954.70703515403,-61634.9848675513,0
10,"10",800,416,0,-60398.6349908465,0
10,"10",800,432,9123.82900469125,-60592.1838692619,0
10,"10",800,457,9650.96177617542,-64829.9112606627,0
10,"10",800,443,9355.34349659,-60636.7311132536,0
10,"10",800,428,9040.63786789598,-63027.2577311814,0
10,"10",800,465,9820.02680390272,-63853.603096545,0
10,"10",800,474,10011.8012743362,-63261.2930102815,0
10,"10",800,483,10200.0702479276,-61343.6968161055,0
10,"10",800,451,9524.41127451951,-60543.0429457966,0
10,"10",800,425,8975.15737454465,-61040.0853677893,0
10,"10",800,454,9587.75853367536,-63102.1523334428,0
10,"10",800,478,10094.426844008,-63027.454790911,0
10,"10",800,451,9528.71396503379,-59933.6244155605,0
10,"10",800,469,9904.67528166753,-62505.7053665962,0
10,"10",800,471,9949.91330294415,-60555.5967549653,0
10,"10",800,454,9591.67572057935,-59348.6149946977,0
10,"10",800,444,9377.32512700698,-59801.7075844973,0
10,"10",800,390,0,-65468.3655833109,0
10,"10",800,478,10099.3508365481,-62448.4839847658,0
10,"10",800,476,10054.8385331074,-63224.4582025423,0
10,"10",800,444,9377.0234534419,-59173.0645832819,0
10,"10",800,412,0,-60405.2157590375,0
10,"10",800,470,9926.02596339181,-57818.1155538574,0
10,"10",800,458,9672.07530514565,-58941.6613279234,0
10,"10",800,466,9841.74429537157,-60005.6890505617,0
10,"10",800,462,9758.12157110025,-60371.7479019606,0
10,"10",800,458,9672.54922497352,-61161.4758098866,0
10,"10",800,413,0,-58187.306161834,0
10,"10",800,464,9798.89462010792,-59496.8316157036,0
10,"10",800,414,0,-61549.6398348684,0
10,"10",800,466,9841.42592644226,-57825.1363101964,0
10,"10",800,474,10009.9263230133,-62057.1722284061,0
10,"10",800,461,9735.78705796345,-59179.7485186307,0
10,"10",800,454,9589.4410214073,-60173.2853220637,0
10,"10",800,434,9166.87272237185,-60596.9300251646,0
10,"10",800,454,9587.92520430318,-61795.1621682191,0
10,"10",800,442,9335.01602457435,-63239.2687846059,0
10,"10",800,448,9461.25941508352,-60342.8541635037,0
10,"10",800,447,9442.07307309898,-59532.7000457619,0
10,"10",800,442,9335.73612144809,-60970.4591490247,0
10,"10",800,454,9587.58350369228,-57080.8850570268,0
10,"10",800,454,9587.56909422978,-60423.1539239921,0
10,"10",800,491,10369.03111996,-57992.9581740995,0
10,"10",800,440,9292.86130584256,-61253.342425707,0
10,"10",800,448,9460.9523873472,-59162.6533135857,0
10,"10",800,442,9334.53755955832,-57716.4514501754,0
10,"10",800,487,10284.4611541129,-57934.2368956724,0
10,"10",800,447,9440.37586116388,-58947.3267217773,0
10,"10",800,460,9714.30241544943,-58213.5874671814,0
10,"10",800,447,9443.39991536776,-62776.5233557842,0
10,"10",800,497,10497.4509464302,-58790.4823386956,0
10,"10",800,461,9737.87995438348,-56570.9972581725,0
10,"10",800,429,9060.74442133403,-58903.9946626697,0
10,"10",800,457,9650.93117456212,-58510.1338038124,0
10,"10",800,475,10031.1041015617,-60811.9892889846,0
10,"10",800,454,9587.75988503735,-59769.7695072594,0
10,"10",800,449,9486.09445511469,-55937.7172469765,0
10,"10",800,481,10158.5761109766,-57515.840336022,0
10,"10",800,453,9566.44851565461,-56261.9936134131,0
10,"10",800,460,9714.50459300459,-59284.4039910525,0
10,"10",800,422,8912.02257166495,-59452.7972894207,0
10,"10",800,459,9693.18157670067,-58180.5782881829,0
10,"10",800,444,9377.34767158724,-56214.285947756,0
10,"10",800,432,9123.02422287387,-57613.3896123802,0
10,"10",800,414,0,-58163.5410238377,0
10,"10",800,454,9588.09845644836,-60077.9735284004,0
10,"10",800,464,9799.19200746791,-58016.2341789629,0
10,"10",800,462,9756.97940155196,-58574.0446541843,0
10,"10",800,413,0,-61074.5401145803,0
10,"10",800,459,9696.10986058554,-62949.3062168428,0
10,"10",800,496,10474.7424921489,-62928.7861817083,0
10,"10",800,479,10115.537887903,-60004.2786603509,0
10,"10",800,458,9672.06624608792,-63035.2604529302,0
10,"10",800,441,9314.54983628343,-58088.1330234268,0
10,"10",800,479,10117.7526856953,-58496.1758558354,0
10,"10",800,459,9694.7516880969,-61906.4097861204,0
10,"10",800,488,10310.7967312007,-59582.2552942674,0
10,"10",800,438,9249.76921837514,-58351.9578004758,0
10,"10",800,445,9400.96536559441,-59734.6065806608,0
10,"10",800,415,0,-58219.0923078565,0
10,"10",800,458,9674.23252757361,-62014.3423561348,0
10,"10",800,464,9799.2895074142,-61293.6821297824,0
10,"10",800,455,9609.33286203567,-58241.3661742153,0
10,"10",800,453,9566.95391938054,-57495.5648742035,0
10,"10",800,447,9439.89568703083,-61660.1843320536,0
10,"10",800,456,9629.8306053375,-57640.3255955642,0
10,"10",800,431,9101.98329043891,-59797.2292518652,0
10,"10",800,463,9777.93302499519,-57155.6422590835,0
10,"10",800,495,10453.4041555524,-60011.7405019758,0
10,"10",800,425,8975.47926496849,-62081.2852148723,0
10,"10",800,439,9271.69917266659,-61039.1810532673,0
10,"10",800,439,9270.83509762477,-59570.8945731823,0
10,"10",800,477,10073.3746696378,-61337.9648911832,0
10,"10",800,468,9884.73360778384,-61887.1842734192,0
10,"10",800,445,9397.6280009903,-59654.6072953805,0
10,"10",800,452,9545.52048888957,-58522.7178012016,0
10,"10",800,439,9271.0159375766,-64039.6681522186,0
10,"10",800,476,10053.1568838854,-61534.4297232382,0
10,"10",800,477,10073.663291308,-62244.5654019477,0
10,"10",800,461,9735.39326423152,-62180.981804517,0
10,"10",800,457,9650.92232047831,-61234.0721930741,0
10,"10",800,425,8975.29961994106,-62848.2303544523,0
10,"10",800,443,9355.7254467631,-60997.2450975113,0
10,"10",800,452,9548.89257610999,-61503.4183267352,0
10,"10",800,463,9784.88766245459,-60093.7404763408,0
10,"10",800,397,0,-60481.9354131018,0
10,"10",800,463,9777.8392164244,-58806.7504703869,0
10,"10",800,481,10159.2878835417,-56380.5663144411,0
10,"10",800,469,9904.54037523625,-58074.3190032324,0
10,"10",800,476,10052.2977385395,-62914.99916387,0
10,"10",800,497,10495.6439812871,-56738.8292465221,0
10,"10",800,468,9885.14363265869,-56154.2030995685,0
10,"10",800,463,9777.65013762729,-61328.737635957,0
10,"10",800,415,0,-59507.5699533528,0
10,"10",800,415,0,-56288.2982947725,0
10,"10",800,451,9527.85677074094,-61895.8274633911,0
10,"10",800,467,9862.25438757669,-59104.7450133137,0
10,"10",800,472,9968.27235998631,-56732.0743256661,0
10,"10",800,423,8932.93647238958,-63209.197801028,0
10,"10",800,447,9439.97731384935,-61505.0277021987,0
10,"10",800,471,9946.59525419946,-62317.3482231295,0
10,"10",800,450,9503.72839359494,-61129.9894781256,0
10,"10",800,468,9890.53978714718,-59098.1299220588,0
10,"10",800,491,10369.9840725721,-58662.2468519981,0
10,"10",800,449,9482.10712822948,-62027.3178232279,0
10,"10",800,432,9123.30495794553,-61225.7526947881,0
10,"10",800,460,9714.59635989063,-56714.3932580052,0
10,"10",800,465,9820.7791674136,-57872.8859411485,0
10,"10",800,441,9313.18761061619,-61357.8135646273,0
10,"10",800,430,9084.13568277611,-56456.6331307365,0
10,"10",800,444,9376.46605564525,-59418.400763284,0
10,"10",800,461,9736.281428994,-60872.3203599291,0
10,"10",800,443,9355.72745517223,-64070.0373050633,0
10,"10",800,459,9693.48612832084,-62976.8790027871,0
10,"10",800,459,9693.16938877696,-64029.6038764823,0
10,"10",800,454,9593.08630966862,-59783.3854004773,0
10,"10",800,447,9441.07749694374,-62250.5890270695,0
10,"10",800,489,10327.710834071,-60664.7567898694,0
10,"10",800,438,9250.00760316592,-55902.4415485196,0
10,"10",800,490,10350.983981529,-65515.7747411339,0
10,"10",800,435,9188.51616659124,-60252.9217398587,0
10,"10",800,410,0,-63063.9548797692,0
10,"10",800,437,9230.42254820713,-61770.026795777,0
10,"10",800,455,9614.99974325979,-58703.7313705446,0
10,"10",800,459,9693.16211431235,-62363.8858713545,0
10,"10",800,445,9399.00671569922,-57439.9394370367,0
10,"10",800,449,9482.3114608836,-56315.8292603711,0
10,"10",800,459,9699.94437979007,-61257.5541885898,0
10,"10",800,448,9460.86419197776,-58158.544237196,0
10,"10",800,405,0,-57976.8613574418,0
10,"10",800,424,8954.03591771304,-56674.6642634687,0
10,"10",800,445,9397.81373960903,-59550.0887652896,0
10,"10",800,435,9188.50807959126,-61381.0907559403,0
10,"10",800,455,9610.35838096267,-62864.0969726891,0
10,"10",800,444,9376.49010647575,-60605.9308684847,0
10,"10",800,464,9801.82898086455,-59980.7981118373,0
10,"10",800,493,10411.5116376377,-60435.655040264,0
10,"10",800,443,9356.03600481813,-59237.3397426113,0
10,"10",800,446,9419.14525172089,-59307.9038313869,0
10,"10",800,466,9841.5191434053,-60227.2445799331,0
10,"10",800,423,8932.97514438242,-60539.1992327678,0
10,"10",800,450,9503.2164898654,-60726.294426859,0
10,"10",800,446,9419.24844318526,-59067.5141345644,0
10,"10",800,431,9101.85664935984,-59286.102493386,0
10,"10",800,437,9228.58714551039,-63227.5294727358,0
10,"10",800,431,9102.96412264007,-57997.2193319196,0
10,"10",800,435,9187.50673224509,-61396.8821049102,0
10,"10",800,479,10121.3576047723,-60557.7712070517,0
10,"10",800,462,9757.32614014667,-60068.4054031719,0
10,"10",800,470,9925.45401532866,-58136.3553122644,0
10,"10",800,441,9316.65983183342,-60727.3261163027,0
10,"10",800,434,9169.1451919343,-60980.3507974427,0
10,"10",800,489,10328.0289770279,-57317.7072472997,0
10,"10",800,454,9587.88679417583,-66279.6581063783,0
10,"10",800,463,9777.63217918146,-59459.1857275474,0
10,"10",800,443,9356.50173737823,-55922.0825584144,0
10,"10",800,444,9376.43604718868,-58985.9716047486,0
10,"10",800,480,10138.8617178421,-55234.6991269052,0
10,"10",800,487,10285.75511701,-56110.6174480692,0
10,"10",800,442,9334.83188840933,-61354.9191312068,0
10,"10",800,474,10010.7662009816,-56261.3381978268,0
10,"10",800,443,9355.53057328312,-58123.9426935728,0
10,"10",800,463,9780.86834121433,-57894.2446119773,0
10,"10",800,419,8849.89850721556,-66820.3901364661,0
10,"10",800,496,10474.6567302479,-62666.9681789803,0
10,"10",800,460,9718.39076965378,-60103.2247694104,0
10,"10",800,483,10200.0659720921,-62761.4568340555,0
10,"10",800,501,10580.823324847,-62496.81645683,0
10,"10",800,465,9821.55278071149,-63346.4756867071,0
10,"10",800,433,9144.25625687508,-62060.477850382,0
10,"10",800,434,9167.11807419191,-62783.3079593134,0
10,"10",800,481,10157.9168485018,-58316.6487040084,0
10,"10",800,453,9566.73475446456,-57787.4360105846,0
10,"10",800,447,9442.92556369876,-62682.3465450464,0
10,"10",800,448,9461.0728582295,-62030.8388054601,0
10,"10",800,451,9524.25813809827,-59454.4192777529,0
10,"10",800,469,9905.47368274164,-61186.3534778095,0
10,"10",800,460,9715.92203191725,-58092.9277687281,0
10,"10",800,444,9376.83479837522,-62255.2383507739,0
10,"10",800,439,9270.79937886315,-55492.4293061862,0
10,"10",800,484,10221.6233758333,-59732.6022899746,0
10,"10",800,462,9758.30295923913,-62987.0194603033,0
10,"10",800,447,9439.8062997471,-61097.0438885698,0
10,"10",800,462,9757.32059843521,-57628.3654704186,0
10,"10",800,458,9672.04480689266,-64356.6580626233,0
10,"10",800,466,9842.00523631307,-63305.1948160045,0
10,"10",800,491,10369.5092627799,-58536.733679423,0
10,"10",800,493,10411.9865807661,-61981.0781522977,0
10,"10",800,470,9926.97088100847,-62379.8764002719,0
10,"10",800,426,8996.27483811525,-60219.523164059,0
10,"10",800,445,9397.84023643474,-55158.1582941805,0
10,"10",800,471,9947.5310864237,-63716.1011139519,0
10,"10",800,436,9209.32640450118,-62367.5742320525,0
10,"10",800,449,9483.04641457799,-60925.0200348027,0
10,"10",800,451,9524.27171483336,-61778.77509564,0
10,"10",800,456,9629.92128393471,-56554.7061806387,0
10,"10",800,415,0,-59806.4566589076,0
10,"10",800,425,8975.58672458322,-61246.6644757573,0
10,"10",800,417,0,-58395.1104556584,0
10,"10",800,417,0,-58761.4315262527,0
10,"10",800,407,0,-57495.9949752196,0
10,"10",800,451,9524.24326892138,-56921.5310636651,0
10,"10",800,444,9376.5277246799,-60973.0135919536,0
10,"10",800,450,9503.68793439063,-60117.7171892162,0
10,"10",800,485,10242.4272151687,-57009.6814366204,0
10,"10",800,483,10200.025722481,-58442.6670110063,0
10,"10",800,457,9650.9206914535,-62059.6926017216,0
10,"10",800,456,9630.56557312203,-57059.4295847799,0
10,"10",800,457,9650.93425281125,-57616.7177553422,0
10,"10",800,456,9630.58069310658,-60459.8141961057,0
10,"10",800,465,9820.7177352475,-59727.0092221033,0
10,"10",800,463,9778.23494776998,-59794.1312198373,0
10,"10",800,487,10285.8870613068,-59836.0682404726,0
10,"10",800,474,10011.6173155676,-58252.9799710269,0
10,"10",800,429,9059.73408919615,-62130.732243051,0
10,"10",800,419,8849.32228258143,-61222.7232466775,0
10,"10",800,477,10073.8646727078,-60282.0614249111,0
10,"10",800,442,9335.8748023933,-60546.6261705166,0
10,"10",800,408,0,-60186.9212047516,0
10,"10",800,493,10411.2493949215,-61270.1773841307,0
10,"10",800,469,9904.36415708957,-62853.4233612212,0
10,"10",800,452,9545.35814084569,-60629.5909301243,0
10,"10",800,425,8976.11604137656,-62981.5891163541,0
10,"10",800,458,9672.32634634591,-60786.1115465207,0
10,"10",800,429,9059.6752000752,-60885.7947450018,0
10,"10",800,479,10115.5159140505,-54849.1654585493,0
10,"10",800,473,9989.32625880151,-60342.1802798269,0
10,"10",800,441,9313.39433873671,-57291.8639472274,0
10,"10",800,469,9907.92411484733,-59918.5784399142,0
10,"10",800,444,9377.93894168438,-59008.2249667927,0
10,"10",800,424,8959.51613928162,-55778.5304194324,0
10,"10",800,460,9714.27711935211,-60496.4594446827,0
10,"10",800,464,9799.39511793796,-60128.4621100511,0
10,"10",800,446,9418.63085717677,-61126.7489380199,0
10,"10",800,491,10369.153738603,-60889.8379500303,0
10,"10",800,487,10285.0872574119,-60954.2024958771,0
10,"10",800,432,9122.97477465953,-59933.7738282604,0
10,"10",800,493,10415.7687391189,-61229.1560697985,0
10,"10",800,416,0,-62174.2164054076,0
10,"10",800,444,9378.34109278247,-64021.2571154937,0
10,"10",800,448,9460.97869910607,-62547.1285837398,0
10,"10",800,480,10137.4393340085,-54831.6797397397,0
10,"10",800,480,10139.3164748829,-58178.7584136038,0
10,"10",800,438,9249.76478591144,-58517.9978149704,0
10,"10",800,442,9334.68664733884,-61695.6455048726,0
10,"10",800,422,8912.45385372988,-55058.7465972201,0
10,"10",800,467,9863.36178178505,-61882.7705749205,0
10,"10",800,461,9736.00208117513,-62993.126906158,0
10,"10",800,442,9334.66848588467,-62499.239476551,0
10,"10",800,471,9947.9167204508,-60202.8404316389,0
10,"10",800,448,9460.90476577537,-61881.0486459249,0
10,"10",800,419,8848.44856025695,-58963.1356781027,0
10,"10",800,449,9484.86147587971,-58732.5045361013,0
10,"10",800,493,10411.9547985836,-58274.7944979514,0
10,"10",800,464,9798.75719848654,-61306.7109333724,0
10,"10",800,443,9356.27914374777,-59712.778145928,0
10,"10",800,445,9397.52940037111,-62470.5979520177,0
10,"10",800,419,8850.32183200744,-62287.3010569408,0
10,"10",800,439,9272.12319330999,-58246.2061609259,0
10,"10",800,450,9508.75908769201,-60490.9474925813,0
10,"10",800,487,10285.6537368125,-59631.3990573763,0
10,"10",800,469,9904.81077901517,-61424.9368290587,0
10,"10",800,410,0,-59938.8863374428,0
10,"10",800,457,9651.33850538914,-56219.0147920443,0
10,"10",800,450,9504.24772006791,-64106.7983042848,0
10,"10",800,467,9863.3982002374,-57448.1052190347,0
10,"10",800,497,10498.545881783,-58930.5657871186,0
10,"10",800,455,9609.52428614471,-56119.6168957708,0
10,"10",800,434,9166.20387753591,-61739.6656238815,0
10,"10",800,499,10537.8879950412,-61949.5593559089,0
10,"10",800,436,9207.74141990235,-61355.0487975005,0
10,"10",800,431,9101.85458350056,-61592.3334442589,0
10,"10",800,449,9483.76714841066,-57716.2875513285,0
10,"10",800,467,9862.11879485289,-55989.4466236051,0
10,"10",800,441,9313.08818717195,-62074.1596185228,0
10,"10",800,423,8932.99238503522,-61087.5222836013,0
10,"10",800,460,9714.30288645733,-55405.044934811,0
10,"10",800,459,9693.99333987742,-62614.5871074527,0
10,"10",800,427,9020.84749066533,-62504.8776445041,0
10,"10",800,473,9991.64231086235,-62016.5017556363,0
10,"10",800,456,9632.13764063035,-62716.9298585156,0
10,"10",800,444,9377.2154918658,-61780.7079771402,0
10,"10",800,418,8827.74085565238,-60667.8450529015,0
10,"10",800,407,0,-62593.638178973,0
10,"10",800,452,9545.45732910783,-60993.1358098057,0
10,"10",800,442,9334.6678147194,-59927.7722034802,0
10,"10",800,480,10136.6342446304,-63206.7312129326,0
10,"10",800,454,9588.27223726589,-59165.0284405387,0
10,"10",800,474,10010.0957777372,-56345.3432351355,0
10,"10",800,414,0,-60208.5863480955,0
10,"10",800,429,9059.6206795252,-60436.8841031472,0
10,"10",800,422,8913.93702569305,-60474.2142535675,0
10,"10",800,434,9166.9941423094,-60919.0078334498,0
10,"10",800,456,9629.86595034741,-57310.1413554372,0
10,"10",800,433,9144.117423192,-62560.8487829272,0
10,"10",800,442,9334.15127565756,-61839.8811168158,0
10,"10",800,451,9524.24690354784,-57426.082976516,0
10,"10",800,438,9249.96774425131,-62709.9596807118,0
10,"10",800,451,9524.37517429361,-59617.274638685,0
10,"10",800,459,9693.19306774026,-59766.7294459683,0
10,"10",800,453,9570.73079757123,-57736.6387764853,0
10,"10",800,438,9253.96997944902,-59529.4575405822,0
10,"10",800,445,9398.5566504411,-60043.2538982123,0
10,"10",800,431,9101.898282177,-60735.3976970413,0
10,"10",800,419,8849.4718541531,-63169.7142330217,0
10,"10",800,471,9948.79519073395,-59727.4198267082,0
10,"10",800,451,9525.60247166389,-60937.9939615064,0
10,"10",800,453,9569.75120027797,-57731.8582719973,0
10,"10",800,434,9165.33232758421,-58416.3247998562,0
10,"10",800,489,10327.1959720779,-61154.4352652527,0
10,"10",800,438,9249.77471817868,-62235.4308121667,0
10,"10",800,444,9376.51735799944,-61952.4446189054,0
10,"10",800,471,9946.85689481012,-59377.5854415116,0
